district,state,,,location_name,,,,Error Table Name,Main List Name
Adilabad,Telangana,,,adilabad,2,,,Ahmedabad,Ahmadabad
Agar Malwa,Madhya Pradesh,,,agar malwa,3,,,Ahmednagar,Ahmadnagar
Agra,Uttar Pradesh,,,agra,4,,,Aizawl,Aizawal
Ahmadabad,Gujarat,,,ahmadabad,5,,,Baleswar,Baleshwar
Ahmadnagar,Maharashtra,,,ahmedabad,#N/A,Ahmadabad,,Balodabazar Bhatapara,Baloda Bazar
Aizawal,Mizoram,,,ahmednagar,#N/A,Ahmadnagar,,Balrampur Ramanujganj,Balrampur (Chhattisgarh)
Ajmer,Rajasthan,,,aizawl,#N/A,Aizawal,,Banaskantha,Banas Kantha
Akola,Maharashtra,,,ajmer,8,,,Barabanki,Bara Banki
Alappuzha,Kerala,,,akola,9,,,Baramulla,Baramula
Aligarh,Uttar Pradesh,,,alappuzha,10,,,Buldhana,Buldana
Alipurduar,West Bengal,,,aligarh,11,,,Chamarajanagar,Chamarajanagara
Alirajpur,Madhya Pradesh,,,alipurduar,12,,,Chhotaudepur,Chota Udaipur
Almora,Uttarakhand,,,alirajpur,13,,,Chittorgarh,Chittaurgarh
Alwar,Rajasthan,,,alluri sitharama raju,#N/A,#N/A,,Darjiling,Darjeeling
Ambala,Haryana,,,almora,14,,,Dantewada,Dakshin Bastar Dantewada
Ambedkar Nagar,Uttar Pradesh,,,alwar,15,,,Dibang Valley,Upper Dibang Valley / Lower Dibang Valley
Amethi,Uttar Pradesh,,,ambala,16,,,Firozepur,Firozpur
Amravati,Maharashtra,,,ambedkar nagar,17,,,Gautambuddha Nagar,Gautam Buddha Nagar
Amreli,Gujarat,,,amethi,18,,,Gondia,Gondiya
Amritsar,Punjab,,,amravati,19,,,Hanumakonda,Hanumangarh (Telangana newly carved Warangal ? Hanumakonda)
Amroha,Uttar Pradesh,,,amreli,20,,,Hazaribag,Hazaribagh
Anand,Gujarat,,,amritsar,21,,,Jajpur,Jajapur
Anantapur,Andhra Pradesh,,,amroha,22,,,Jalore,Jalor
Anantnag,Jammu and Kashmir,,,anakapalli,#N/A,#N/A,,Jangaon,Jangoan
Anjaw,Arunachal Pradesh,,,anand,23,,,Kabirdham,Kabeerdham
Anugul,Odisha,,,anantapur,24,,,Kaimur,Kaimur Bhabhua
Anuppur,Madhya Pradesh,,,ananthapuramu,#N/A,#N/A,,Kasargod,Kasaragod
Araria,Bihar,,,anantnag,25,,,Khandwa,East Nimar
Aravalli,Gujarat,,,angul,#N/A,#N/A,,Khargone,West Nimar
Ariyalur,Tamil Nadu,,,anjaw,26,,,Koch Bihar,Cooch Behar
Arwal,Bihar,,,annamayya,#N/A,#N/A,,Koderma,Kodarma
Ashoknagar,Madhya Pradesh,,,anugul,27,,,Kotputli Behror,"Kotputli-Behror (new district under Rajasthan, not in older list)"
Auraiya,Uttar Pradesh,,,anupgarh,#N/A,#N/A,,Lakhimpur Kheri,Kheri
Aurangabad,Bihar,,,anuppur,28,,,Leh Ladakh,Leh (Ladakh)
Aurangabad,Maharashtra,,,araria,29,,,Maharajganj,Mahrajganj
Azamgarh,Uttar Pradesh,,,aravalli,30,,,Mahbubnagar,Mahabubnagar
Badgam,Jammu and Kashmir,,,aravallis,#N/A,#N/A,,Malda,Maldah
Bagalkote,Karnataka,,,ariyalur,31,,,Malerkotla,"Barnala split (new district in Punjab, not in old list)"
Bageshwar,Uttarakhand,,,arwal,32,,,Marigaon,Morigaon
Baghpat,Uttar Pradesh,,,ashoknagar,33,,,Mauganj,"Rewa split (new district in MP, not in old list)"
Bahraich,Uttar Pradesh,,,auraiya,34,,,Mayiladuthurai,"Nagapattinam split (new district in TN, not in old list)"
Baksa,Assam,,,aurangabad,35,,,Mewat,Nuh (renamed district in Haryana)
Balaghat,Madhya Pradesh,,,ayodhya,#N/A,#N/A,,Narmadapuram,Hoshangabad (renamed in MP)
Balangir,Odisha,,,azamgarh,37,,,Purnea,Purnia
Baleshwar,Odisha,,,bagalkote,39,,,Raebareli,Rae Bareli
Ballari,Karnataka,,,bageshwar,40,,,Rangareddy,Ranga Reddy
Ballia,Uttar Pradesh,,,baghpat,41,,,Sabarkantha,Sabar Kantha
Balod,Chhattisgarh,,,bagpat,#N/A,#N/A,,Sahibganj,Sahibganj (typo differences: “sahebganj” in your list)
Baloda Bazar,Chhattisgarh,,,bahraich,42,,,Sant Kabeer Nagar,Sant Kabir Nagar
Balrampur,Chhattisgarh,,,bajali,#N/A,#N/A,,Saraikela Kharsawan,Saraikela-kharsawan
Balrampur,Uttar Pradesh,,,baksa,43,,,Sepahijala,Sipahijala
Bametara,Chhattisgarh,,,balaghat,44,,,Shaheed Bhagat Singh Nagar,Shahid Bhagat Singh Nagar
Banas Kantha,Gujarat,,,balangir,45,,,Shravasti,Shrawasti
Banda,Uttar Pradesh,,,baleshwar,46,,,Siaha,Saiha
Bandipore,Jammu and Kashmir,,,baleswar,#N/A,Baleshwar,,Sonepur,Subarnapur
Banka,Bihar,,,ballari,47,,,Thoothukudi,Thoothukkudi
Bankura,West Bengal,,,ballia,48,,,Tiruvallur,Thiruvallur
Banswara,Rajasthan,,,balod,49,,,Tiruvarur,Thiruvarur
Bara Banki,Uttar Pradesh,,,baloda bazar,50,,,Unakoti,Unokoti
Baramula,Jammu and Kashmir,,,balodabazar bhatapara,#N/A,Baloda Bazar,,Vijayanagara,"Vijayanagar / Bellary split (new district, Karnataka)"
Baran,Rajasthan,,,balotra,#N/A,#N/A,,Warangal,Warangal Urban / Warangal Rural (new split in Telangana)
Bareilly,Uttar Pradesh,,,balrampur,51,,,West Singhbhum,Pashchimi Singhbhum
Bargarh,Odisha,,,balrampur ramanujganj,#N/A,Balrampur (Chhattisgarh),,Yadgiri,Yadgir
Barmer,Rajasthan,,,banas kantha,54,,,YSR,Y.S.R.
Barnala,Punjab,,,banaskantha,#N/A,Banas Kantha,,,
Barpeta,Assam,,,banda,55,,,,
Barwani,Madhya Pradesh,,,bandipore,56,,,,
Bastar,Chhattisgarh,,,banka,57,,,,
Basti,Uttar Pradesh,,,bankura,58,,,,
Bathinda,Punjab,,,banswara,59,,,,
Baudh,Odisha,,,bapatla,#N/A,#N/A,,,
Begusarai,Bihar,,,bara banki,60,,,,
Belagavi,Karnataka,,,barabanki,#N/A,Bara Banki,,,
Bengaluru,Karnataka,,,baramulla,#N/A,Baramula,,,
Bengaluru Rural,Karnataka,,,baran,62,,,,
Betul,Madhya Pradesh,,,bareilly,63,,,,
Bhadohi,Uttar Pradesh,,,bargarh,64,,,,
Bhadradri Kothagudem,Telangana,,,barmer,65,,,,
Bhadrak,Odisha,,,barnala,66,,,,
Bhagalpur,Bihar,,,barpeta,67,,,,
Bhandara,Maharashtra,,,barwani,68,,,,
Bharatpur,Rajasthan,,,bastar,69,,,,
Bharuch,Gujarat,,,basti,70,,,,
Bhavnagar,Gujarat,,,bathinda,71,,,,
Bhilwara,Rajasthan,,,beawar,#N/A,#N/A,,,
Bhind,Madhya Pradesh,,,beed,#N/A,#N/A,,,
Bhiwani,Haryana,,,begusarai,73,,,,
Bhojpur,Bihar,,,belagavi,74,,,,
Bhopal,Madhya Pradesh,,,bemetara,#N/A,#N/A,,,
Bid,Maharashtra,,,bengaluru rural,76,,,,
Bidar,Karnataka,,,bengaluru urban,#N/A,#N/A,,,
Bijapur,Chhattisgarh,,,betul,77,,,,
Bijnor,Uttar Pradesh,,,bhadohi,78,,,,
Bikaner,Rajasthan,,,bhadradri kothagudem,79,,,,
Bilaspur,Chhattisgarh,,,bhadrak,80,,,,
Bilaspur,Himachal Pradesh,,,bhagalpur,81,,,,
Birbhum,West Bengal,,,bhandara,82,,,,
Bishnupur,Manipur,,,bharatpur,83,,,,
Biswanath,Assam,,,bharuch,84,,,,
Bokaro,Jharkhand,,,bhavnagar,85,,,,
Bongaigaon,Assam,,,bhilwara,86,,,,
Botad,Gujarat,,,bhind,87,,,,
Budaun,Uttar Pradesh,,,bhiwani,88,,,,
Bulandshahr,Uttar Pradesh,,,bhojpur,89,,,,
Buldana,Maharashtra,,,bhopal,90,,,,
Bundi,Rajasthan,,,bidar,92,,,,
Burhanpur,Madhya Pradesh,,,bijapur,93,,,,
Buxar,Bihar,,,bijnor,94,,,,
Cachar,Assam,,,bikaner,95,,,,
Central Delhi,Delhi,,,bilaspur,96,,,,
Chamarajanagara,Karnataka,,,birbhum,98,,,,
Chamba,Himachal Pradesh,,,bishnupur,99,,,,
Chamoli,Uttarakhand,,,biswanath,100,,,,
Champawat,Uttarakhand,,,bokaro,101,,,,
Champhai,Mizoram,,,bongaigaon,102,,,,
Chandauli,Uttar Pradesh,,,botad,103,,,,
Chandel,Manipur,,,boudh,#N/A,#N/A,,,
Chandigarh,Chandigarh,,,budaun,104,,,,
Chandrapur,Maharashtra,,,budgam,#N/A,#N/A,,,
Changlang,Arunachal Pradesh,,,bulandshahr,105,,,,
Charaideo,Assam,,,buldhana,#N/A,Buldana,,,
Charki Dadri,Haryana,,,bundi,107,,,,
Chatra,Jharkhand,,,burhanpur,108,,,,
Chengalpattu,Tamil Nadu,,,buxar,109,,,,
Chennai,Tamil Nadu,,,cachar,110,,,,
Chhatarpur,Madhya Pradesh,,,central,#N/A,#N/A,,,
Chhindwara,Madhya Pradesh,,,chamarajanagar,#N/A,Chamarajanagara,,,
Chikkaballapura,Karnataka,,,chamarajanagara,112,,,,
Chikkamagaluru,Karnataka,,,chamba,113,,,,
Chirang,Assam,,,chamoli,114,,,,
Chitradurga,Karnataka,,,champawat,115,,,,
Chitrakoot,Uttar Pradesh,,,champhai,116,,,,
Chittaurgarh,Rajasthan,,,chandauli,117,,,,
Chittoor,Andhra Pradesh,,,chandel,118,,,,
Chota Udaipur,Gujarat,,,chandigarh,119,,,,
Churachandpur,Manipur,,,chandrapur,120,,,,
Churu,Rajasthan,,,changlang,121,,,,
Coimbatore,Tamil Nadu,,,charaideo,122,,,,
Cooch Behar,West Bengal,,,charkhi dadri,#N/A,#N/A,,,
Cuddalore,Tamil Nadu,,,chatra,124,,,,
Cuttack,Odisha,,,chengalpattu,125,,,,
Dadra and Nagar Haveli,Dadra and Nagar Haveli,,,chennai,126,,,,
Dakshin Bastar Dantewada,Chhattisgarh,,,chhatarpur,127,,,,
Dakshin Dinajpur,West Bengal,,,chhatrapati sambhaji nagar,#N/A,#N/A,,,
Dakshina Kannada,Karnataka,,,chhindwara,128,,,,
Daman,Daman and Diu,,,chhotaudepur,#N/A,Chota Udaipur,,,
Damoh,Madhya Pradesh,,,chikkaballapur,#N/A,#N/A,,,
Darbhanga,Bihar,,,chikkaballapura,129,,,,
Darjeeling,West Bengal,,,chikkamagaluru,130,,,,
Darrang,Assam,,,chirang,131,,,,
Datia,Madhya Pradesh,,,chitradurga,132,,,,
Dausa,Rajasthan,,,chitrakoot,133,,,,
Davanagere,Karnataka,,,chittoor,135,,,,
Debagarh,Odisha,,,chittorgarh,#N/A,Chittaurgarh,,,
Dehradun,Uttarakhand,,,chumoukedima,#N/A,#N/A,,,
Deoghar,Jharkhand,,,churachandpur,137,,,,
Deoria,Uttar Pradesh,,,churu,138,,,,
Devbhumi Dwarka,Gujarat,,,coimbatore,139,,,,
Dewas,Madhya Pradesh,,,cooch behar,140,,,,
Dhalai,Tripura,,,cuddalore,141,,,,
Dhamtari,Chhattisgarh,,,cuttack,142,,,,
Dhanbad,Jharkhand,,,dadra and nagar haveli,143,,,,
Dhar,Madhya Pradesh,,,dahod,#N/A,#N/A,,,
Dharmapuri,Tamil Nadu,,,dakshin dinajpur,145,,,,
Dharwad,Karnataka,,,dakshina kannada,146,,,,
Dhaulpur,Rajasthan,,,daman,147,,,,
Dhemaji,Assam,,,damoh,148,,,,
Dhenkanal,Odisha,,,dangs,#N/A,#N/A,,,
Dhubri,Assam,,,dantewada,#N/A,Dakshin Bastar Dantewada,,,
Dhule,Maharashtra,,,darbhanga,149,,,,
Dibrugarh,Assam,,,darjeeling,150,,,,
Dima Hasao,Assam,,,darjiling,#N/A,Darjeeling,,,
Dimapur,Nagaland,,,darrang,151,,,,
Dindigul,Tamil Nadu,,,datia,152,,,,
Dindori,Madhya Pradesh,,,dausa,153,,,,
Diu,Daman and Diu,,,davanagere,154,,,,
Doda,Jammu and Kashmir,,,deedwana kuchaman,#N/A,#N/A,,,
Dohad,Gujarat,,,deeg,#N/A,#N/A,,,
Dumka,Jharkhand,,,dehradun,156,,,,
Dungarpur,Rajasthan,,,deogarh,#N/A,#N/A,,,
Durg,Chhattisgarh,,,deoghar,157,,,,
East,Sikkim,,,deoria,158,,,,
East Champaran,Bihar,,,devbhumi dwarka,159,,,,
East Delhi,Delhi,,,dewas,160,,,,
East Garo Hills,Meghalaya,,,dhalai,161,,,,
East Godavari,Andhra Pradesh,,,dhamtari,162,,,,
East Jaintia Hills,Meghalaya,,,dhanbad,163,,,,
East Kameng,Arunachal Pradesh,,,dhar,164,,,,
East Khasi Hills,Meghalaya,,,dharashiv,#N/A,#N/A,,,
East Nimar,Madhya Pradesh,,,dharmapuri,165,,,,
East Siang,Arunachal Pradesh,,,dharwad,166,,,,
Ernakulam,Kerala,,,dhemaji,168,,,,
Erode,Tamil Nadu,,,dhenkanal,169,,,,
Etah,Uttar Pradesh,,,dholpur,#N/A,#N/A,,,
Etawah,Uttar Pradesh,,,dhubri,170,,,,
Faizabad,Uttar Pradesh,,,dhule,171,,,,
Faridabad,Haryana,,,dibang valley,#N/A,Upper Dibang Valley / Lower Dibang Valley,,,
Faridkot,Punjab,,,dibrugarh,172,,,,
Farrukhabad,Uttar Pradesh,,,dima hasao,173,,,,
Fatehabad,Haryana,,,dimapur,174,,,,
Fatehgarh Sahib,Punjab,,,dindigul,175,,,,
Fatehpur,Uttar Pradesh,,,dindori,176,,,,
Fazilka,Punjab,,,diu,177,,,,
Firozabad,Uttar Pradesh,,,doda,178,,,,
Firozpur,Punjab,,,dohad,179,,,,
Gadag,Karnataka,,,dr br ambedkar konaseema,#N/A,#N/A,,,
Gadchiroli,Maharashtra,,,dudu,#N/A,#N/A,,,
Gajapati,Odisha,,,dumka,180,,,,
Ganderbal,Jammu and Kashmir,,,dungarpur,181,,,,
Gandhinagar,Gujarat,,,durg,182,,,,
Ganganagar,Rajasthan,,,east,183,,,,
Ganjam,Odisha,,,east garo hills,186,,,,
Garhwa,Jharkhand,,,east godavari,187,,,,
Gariaband,Chhattisgarh,,,east jaintia hills,188,,,,
Gautam Buddha Nagar,Uttar Pradesh,,,east kameng,189,,,,
Gaya,Bihar,,,east khasi hills,190,,,,
Ghaziabad,Uttar Pradesh,,,east nimar,191,,,,
Ghazipur,Uttar Pradesh,,,east siang,192,,,,
Gir Somnath,Gujarat,,,east singhbhum,#N/A,#N/A,,,
Giridih,Jharkhand,,,eastern west khasi hills,#N/A,#N/A,,,
Goalpara,Assam,,,eluru,#N/A,#N/A,,,
Godda,Jharkhand,,,ernakulam,193,,,,
Golaghat,Assam,,,erode,194,,,,
Gomati,Tripura,,,etah,195,,,,
Gonda,Uttar Pradesh,,,etawah,196,,,,
Gondiya,Maharashtra,,,faridabad,198,,,,
Gopalganj,Bihar,,,faridkot,199,,,,
Gorakhpur,Uttar Pradesh,,,farrukhabad,200,,,,
Gumla,Jharkhand,,,fatehabad,201,,,,
Guna,Madhya Pradesh,,,fatehgarh sahib,202,,,,
Guntur,Andhra Pradesh,,,fatehpur,203,,,,
Gurdaspur,Punjab,,,fazilka,204,,,,
Gurugram,Haryana,,,ferozepur,#N/A,#N/A,,,
Gwalior,Madhya Pradesh,,,firozabad,205,,,,
Hailakandi,Assam,,,firozepur,#N/A,Firozpur,,,
Hamirpur,Himachal Pradesh,,,gadag,207,,,,
Hamirpur,Uttar Pradesh,,,gadchiroli,208,,,,
Hanumangarh,Rajasthan,,,gajapati,209,,,,
Hapur,Uttar Pradesh,,,ganderbal,210,,,,
Harda,Madhya Pradesh,,,gandhinagar,211,,,,
Hardoi,Uttar Pradesh,,,ganganagar,212,,,,
Haridwar,Uttarakhand,,,gangapur city,#N/A,#N/A,,,
Hassan,Karnataka,,,gangtok,#N/A,#N/A,,,
Hathras,Uttar Pradesh,,,ganjam,213,,,,
Haveri,Karnataka,,,garhwa,214,,,,
Hazaribagh,Jharkhand,,,gariaband,215,,,,
Hingoli,Maharashtra,,,gariyaband,#N/A,#N/A,,,
Hisar,Haryana,,,gaurela pendra marwahi,#N/A,#N/A,,,
Hnahthial,Mizoram,,,gautam buddha nagar,216,,,,
Hojai,Assam,,,gautambuddha nagar,#N/A,Gautam Buddha Nagar,,,
Hooghly,West Bengal,,,gaya,217,,,,
Hoshangabad,Madhya Pradesh,,,ghaziabad,218,,,,
Hoshiarpur,Punjab,,,ghazipur,219,,,,
Howrah,West Bengal,,,gir somnath,220,,,,
Hyderabad,Telangana,,,giridih,221,,,,
Idukki,Kerala,,,goalpara,222,,,,
Imphal East,Manipur,,,godda,223,,,,
Imphal West,Manipur,,,golaghat,224,,,,
Indore,Madhya Pradesh,,,gomati,225,,,,
Jabalpur,Madhya Pradesh,,,gonda,226,,,,
Jagatsinghapur,Odisha,,,gondia,#N/A,Gondiya,,,
Jagitial,Telangana,,,gopalganj,228,,,,
Jaipur,Rajasthan,,,gorakhpur,229,,,,
Jaisalmer,Rajasthan,,,gumla,230,,,,
Jajapur,Odisha,,,guna,231,,,,
Jalandhar,Punjab,,,guntur,232,,,,
Jalaun,Uttar Pradesh,,,gurdaspur,233,,,,
Jalgaon,Maharashtra,,,gurugram,234,,,,
Jalna,Maharashtra,,,gwalior,235,,,,
Jalor,Rajasthan,,,gyalshing,#N/A,#N/A,,,
Jalpaiguri,West Bengal,,,hailakandi,236,,,,
Jammu,Jammu and Kashmir,,,hamirpur,237,,,,
Jamnagar,Gujarat,,,hanumakonda,#N/A,Hanumangarh (Telangana newly carved Warangal ? Hanumakonda),,,
Jamtara,Jharkhand,,,hanumangarh,239,,,,
Jamui,Bihar,,,hapur,240,,,,
Jangoan,Telangana,,,harda,241,,,,
Janjgir Champa,Chhattisgarh,,,hardoi,242,,,,
Jashpur,Chhattisgarh,,,haridwar,243,,,,
Jaunpur,Uttar Pradesh,,,hassan,244,,,,
Jayashankar,Telangana,,,hathras,245,,,,
Jehanabad,Bihar,,,haveri,246,,,,
Jhabua,Madhya Pradesh,,,hazaribag,#N/A,Hazaribagh,,,
Jhajjar,Haryana,,,hazaribagh,247,,,,
Jhalawar,Rajasthan,,,hingoli,248,,,,
Jhansi,Uttar Pradesh,,,hisar,249,,,,
Jhargram,West Bengal,,,hnahthial,250,,,,
Jharsuguda,Odisha,,,hojai,251,,,,
Jhunjhunu,Rajasthan,,,hooghly,252,,,,
Jind,Haryana,,,hoshangabad,253,,,,
Jiribam,Manipur,,,hoshiarpur,254,,,,
Jodhpur,Rajasthan,,,howrah,255,,,,
Jogulamba Gadwal,Telangana,,,hyderabad,256,,,,
Jorhat,Assam,,,idukki,257,,,,
Junagadh,Gujarat,,,imphal east,258,,,,
Kabeerdham,Chhattisgarh,,,imphal west,259,,,,
Kachchh,Gujarat,,,indore,260,,,,
Kaimur Bhabhua,Bihar,,,itanagar capital complex,#N/A,#N/A,,,
Kaithal,Haryana,,,jabalpur,261,,,,
Kakching,Manipur,,,jagatsinghapur,262,,,,
Kalaburagi,Karnataka,,,jagatsinghpur,#N/A,#N/A,,,
Kalahandi,Odisha,,,jagtial,#N/A,#N/A,,,
Kalimpong,West Bengal,,,jaipur,264,,,,
Kallakurichi,Tamil Nadu,,,jaipur rural,#N/A,#N/A,,,
Kamareddy,Telangana,,,jaisalmer,265,,,,
Kamjong,Manipur,,,jajapur,266,,,,
Kamle,Arunachal Pradesh,,,jajpur,#N/A,Jajapur,,,
Kamrup,Assam,,,jalandhar,267,,,,
Kamrup Metropolitan,Assam,,,jalaun,268,,,,
Kancheepuram,Tamil Nadu,,,jalgaon,269,,,,
Kandhamal,Odisha,,,jalna,270,,,,
Kangpokpi,Manipur,,,jalore,#N/A,Jalor,,,
Kangra,Himachal Pradesh,,,jalpaiguri,272,,,,
Kannauj,Uttar Pradesh,,,jammu,273,,,,
Kanniyakumari,Tamil Nadu,,,jamnagar,274,,,,
Kannur,Kerala,,,jamtara,275,,,,
Kanpur Dehat,Uttar Pradesh,,,jamui,276,,,,
Kanpur Nagar,Uttar Pradesh,,,jangaon,#N/A,Jangoan,,,
Kapurthala,Punjab,,,janjgir champa,278,,,,
Karaikal,Puducherry,,,jashpur,279,,,,
Karauli,Rajasthan,,,jaunpur,280,,,,
Karbi Anglong,Assam,,,jaya shankar bhalupally,#N/A,#N/A,,,
Kargil,Ladakh,,,jayashankar bhupalpally,#N/A,#N/A,,,
Karimganj,Assam,,,jehanabad,282,,,,
Karimnagar,Telangana,,,jhabua,283,,,,
Karnal,Haryana,,,jhajjar,284,,,,
Karur,Tamil Nadu,,,jhalawar,285,,,,
Kasaragod,Kerala,,,jhansi,286,,,,
Kasganj,Uttar Pradesh,,,jhargram,287,,,,
Kathua,Jammu and Kashmir,,,jharsuguda,288,,,,
Katihar,Bihar,,,jhunjhunu,289,,,,
Katni,Madhya Pradesh,,,jind,290,,,,
Kaushambi,Uttar Pradesh,,,jiribam,291,,,,
Kendrapara,Odisha,,,jodhpur,292,,,,
Kendujhar,Odisha,,,jodhpur rural,#N/A,#N/A,,,
Khagaria,Bihar,,,jogulamba gadwal,293,,,,
Khammam,Telangana,,,jorhat,294,,,,
Khawzawl,Mizoram,,,junagadh,295,,,,
Kheda,Gujarat,,,kabirdham,#N/A,Kabeerdham,,,
Kheri,Uttar Pradesh,,,kachchh,297,,,,
Khordha,Odisha,,,kaimur,#N/A,Kaimur Bhabhua,,,
Khowai,Tripura,,,kaimur bhabua,#N/A,#N/A,,,
Khunti,Jharkhand,,,kaithal,299,,,,
Kinnaur,Himachal Pradesh,,,kakching,300,,,,
Kiphire,Nagaland,,,kakinada,#N/A,#N/A,,,
Kishanganj,Bihar,,,kalaburagi,301,,,,
Kishtwar,Jammu and Kashmir,,,kalahandi,302,,,,
Kodagu,Karnataka,,,kalimpong,303,,,,
Kodarma,Jharkhand,,,kallakkurichi,#N/A,#N/A,,,
Kohima,Nagaland,,,kallakurichi,304,,,,
Kokrajhar,Assam,,,kamareddy,305,,,,
Kolar,Karnataka,,,kamjong,306,,,,
Kolasib,Mizoram,,,kamle,307,,,,
Kolhapur,Maharashtra,,,kamrup,308,,,,
Kolkata,West Bengal,,,kamrup metropolitan,309,,,,
Kollam,Kerala,,,kancheepuram,310,,,,
Kondagaon,Chhattisgarh,,,kandhamal,311,,,,
Koppal,Karnataka,,,kangpokpi,312,,,,
Koraput,Odisha,,,kangra,313,,,,
Korba,Chhattisgarh,,,kanker,#N/A,#N/A,,,
Koriya,Chhattisgarh,,,kannauj,314,,,,
Kota,Rajasthan,,,kanniyakumari,315,,,,
Kottayam,Kerala,,,kannur,316,,,,
Kozhikode,Kerala,,,kanpur dehat,317,,,,
Kra Daadi,Arunachal Pradesh,,,kanpur nagar,318,,,,
Krishna,Andhra Pradesh,,,kapurthala,319,,,,
Krishnagiri,Tamil Nadu,,,karaikal,320,,,,
Kulgam,Jammu and Kashmir,,,karauli,321,,,,
Kullu,Himachal Pradesh,,,karbi anglong,322,,,,
Kumuram Bheem Asifabad,Telangana,,,kargil,323,,,,
Kupwara,Jammu and Kashmir,,,karimganj,324,,,,
Kurnool,Andhra Pradesh,,,karimnagar,325,,,,
Kurukshetra,Haryana,,,karnal,326,,,,
Kurung Kumey,Arunachal Pradesh,,,karur,327,,,,
Kushinagar,Uttar Pradesh,,,kasaragod,328,,,,
Lahul and Spiti,Himachal Pradesh,,,kasargod,#N/A,Kasaragod,,,
Lakhimpur,Assam,,,kasganj,329,,,,
Lakhisarai,Bihar,,,kathua,330,,,,
Lakshadweep,Lakshadweep,,,katihar,331,,,,
Lalitpur,Uttar Pradesh,,,katni,332,,,,
Latehar,Jharkhand,,,kaushambi,333,,,,
Latur,Maharashtra,,,kekri,#N/A,#N/A,,,
Lawngtlai,Mizoram,,,kendrapara,334,,,,
Leh,Ladakh,,,kendujhar,335,,,,
Lepa Rada,Arunachal Pradesh,,,khagaria,336,,,,
Lohardaga,Jharkhand,,,khairagarh chhuikhadan gandai,#N/A,#N/A,,,
Lohit,Arunachal Pradesh,,,khairthal tijara,#N/A,#N/A,,,
Longding,Arunachal Pradesh,,,khammam,337,,,,
Longleng,Nagaland,,,khandwa,#N/A,East Nimar,,,
Lower Dibang Valley,Arunachal Pradesh,,,khargone,#N/A,West Nimar,,,
Lower Siang,Arunachal Pradesh,,,khawzawl,338,,,,
Lower Subansiri,Arunachal Pradesh,,,kheda,339,,,,
Lucknow,Uttar Pradesh,,,kheri,340,,,,
Ludhiana,Punjab,,,khordha,341,,,,
Lunglei,Mizoram,,,khowai,342,,,,
Madhepura,Bihar,,,khunti,343,,,,
Madhubani,Bihar,,,kinnaur,344,,,,
Madurai,Tamil Nadu,,,kiphire,345,,,,
Mahabubabad,Telangana,,,kishanganj,346,,,,
Mahabubnagar,Telangana,,,kishtwar,347,,,,
Mahasamund,Chhattisgarh,,,koch bihar,#N/A,Cooch Behar,,,
Mahe,Puducherry,,,kodagu,348,,,,
Mahendragarh,Haryana,,,koderma,#N/A,Kodarma,,,
Mahesana,Gujarat,,,kohima,350,,,,
Mahisagar,Gujarat,,,kokrajhar,351,,,,
Mahoba,Uttar Pradesh,,,kolar,352,,,,
Mahrajganj,Uttar Pradesh,,,kolasib,353,,,,
Mainpuri,Uttar Pradesh,,,kolhapur,354,,,,
Majuli,Assam,,,kolkata,355,,,,
Malappuram,Kerala,,,kollam,356,,,,
Maldah,West Bengal,,,kondagaon,357,,,,
Malkangiri,Odisha,,,koppal,358,,,,
Mamit,Mizoram,,,koraput,359,,,,
Mancherial,Telangana,,,korba,360,,,,
Mandi,Himachal Pradesh,,,korea,#N/A,#N/A,,,
Mandla,Madhya Pradesh,,,kota,362,,,,
Mandsaur,Madhya Pradesh,,,kotputli behror,#N/A,"Kotputli-Behror (new district under Rajasthan, not in older list)",,,
Mandya,Karnataka,,,kottayam,363,,,,
Mansa,Punjab,,,kozhikode,364,,,,
Mathura,Uttar Pradesh,,,kra daadi,365,,,,
Mau,Uttar Pradesh,,,krishna,366,,,,
Mayurbhanj,Odisha,,,krishnagiri,367,,,,
Medak,Telangana,,,kulgam,368,,,,
Medchal Malkajgiri,Telangana,,,kullu,369,,,,
Medinipur East,West Bengal,,,kumuram bheem asifabad,370,,,,
Medinipur West,West Bengal,,,kupwara,371,,,,
Meerut,Uttar Pradesh,,,kurnool,372,,,,
Mirpur,Jammu and Kashmir,,,kurukshetra,373,,,,
Mirzapur,Uttar Pradesh,,,kurung kumey,374,,,,
Moga,Punjab,,,kushinagar,375,,,,
Mokokchung,Nagaland,,,lahaul and spiti,#N/A,#N/A,,,
Mon,Nagaland,,,lahul and spiti,376,,,,
Moradabad,Uttar Pradesh,,,lakhimpur,377,,,,
Morbi,Gujarat,,,lakhimpur kheri,#N/A,Kheri,,,
Morena,Madhya Pradesh,,,lakhisarai,378,,,,
Morigaon,Assam,,,lakshadweep,379,,,,
Mulugu,Telangana,,,lalitpur,380,,,,
Mumbai,Maharashtra,,,latehar,381,,,,
Mumbai Suburban,Maharashtra,,,latur,382,,,,
Mungeli,Chhattisgarh,,,lawngtlai,383,,,,
Munger,Bihar,,,leh ladakh,#N/A,Leh (Ladakh),,,
Murshidabad,West Bengal,,,lepa rada,385,,,,
Muzaffarabad,Jammu and Kashmir,,,lohardaga,386,,,,
Muzaffarnagar,Uttar Pradesh,,,lohit,387,,,,
Muzaffarpur,Bihar,,,longding,388,,,,
Mysuru,Karnataka,,,longleng,389,,,,
Nabarangapur,Odisha,,,lower dibang valley,390,,,,
Nadia,West Bengal,,,lower siang,391,,,,
Nagaon,Assam,,,lower subansiri,392,,,,
Nagapattinam,Tamil Nadu,,,lucknow,393,,,,
Nagarkurnool,Telangana,,,ludhiana,394,,,,
Nagaur,Rajasthan,,,lunglei,395,,,,
Nagpur,Maharashtra,,,madhepura,396,,,,
Nainital,Uttarakhand,,,madhubani,397,,,,
Nalanda,Bihar,,,madurai,398,,,,
Nalbari,Assam,,,mahabubabad,399,,,,
Nalgonda,Telangana,,,mahabubnagar,400,,,,
Namakkal,Tamil Nadu,,,maharajganj,#N/A,Mahrajganj,,,
Namsai,Arunachal Pradesh,,,mahasamund,401,,,,
Nanded,Maharashtra,,,mahbubnagar,#N/A,Mahabubnagar,,,
Nandurbar,Maharashtra,,,mahe,402,,,,
Narayanpet,Telangana,,,mahendragarh,403,,,,
Narayanpur,Chhattisgarh,,,mahesana,404,,,,
Narmada,Gujarat,,,mahisagar,405,,,,
Narsimhapur,Madhya Pradesh,,,mahoba,406,,,,
Nashik,Maharashtra,,,maihar,#N/A,#N/A,,,
Navsari,Gujarat,,,mainpuri,408,,,,
Nawada,Bihar,,,majuli,409,,,,
Nayagarh,Odisha,,,malappuram,410,,,,
Neemuch,Madhya Pradesh,,,malda,#N/A,Maldah,,,
New Delhi,Delhi,,,maldah,411,,,,
Nicobars,Andaman and Nicobar,,,malerkotla,#N/A,"Barnala split (new district in Punjab, not in old list)",,,
Nirmal,Telangana,,,malkangiri,412,,,,
Niwari,Madhya Pradesh,,,mamit,413,,,,
Nizamabad,Telangana,,,mancherial,414,,,,
Noney,Manipur,,,mandi,415,,,,
North ,Sikkim,,,mandla,416,,,,
North 24 Parganas,West Bengal,,,mandsaur,417,,,,
North and Middle Andaman,Andaman and Nicobar,,,mandya,418,,,,
North Delhi,Delhi,,,manendragarh chirmiri bharatpur,#N/A,#N/A,,,
North East Delhi,Delhi,,,mangan,#N/A,#N/A,,,
North Garo Hills,Meghalaya,,,mansa,419,,,,
North Goa,Goa,,,marigaon,#N/A,Morigaon,,,
North Tripura,Tripura,,,mathura,420,,,,
North West Delhi,Delhi,,,mau,421,,,,
Nuapada,Odisha,,,mauganj,#N/A,"Rewa split (new district in MP, not in old list)",,,
Nuh,Haryana,,,mayiladuthurai,#N/A,"Nagapattinam split (new district in TN, not in old list)",,,
Osmanabad,Maharashtra,,,mayurbhanj,422,,,,
Pakke Kessang,Arunachal Pradesh,,,medak,423,,,,
Pakur,Jharkhand,,,medchal malkajgiri,424,,,,
Palakkad,Kerala,,,meerut,427,,,,
Palamu,Jharkhand,,,mewat,#N/A,Nuh (renamed district in Haryana),,,
Palghar,Maharashtra,,,mirpur,428,,,,
Pali,Rajasthan,,,mirzapur,429,,,,
Palwal,Haryana,,,moga,430,,,,
Panch Mahals,Gujarat,,,mohla manpur ambagarh chouki,#N/A,#N/A,,,
Panchkula,Haryana,,,mokokchung,431,,,,
Panipat,Haryana,,,mon,432,,,,
Panna,Madhya Pradesh,,,moradabad,433,,,,
Papum Pare,Arunachal Pradesh,,,morbi,434,,,,
Parbhani,Maharashtra,,,morena,435,,,,
Paschim Bardhaman,West Bengal,,,morigaon,436,,,,
Pashchimi Singhbhum,Jharkhand,,,mulugu,437,,,,
Patan,Gujarat,,,mumbai,438,,,,
Pathanamthitta,Kerala,,,mumbai suburban,439,,,,
Pathankot,Punjab,,,mungeli,440,,,,
Patiala,Punjab,,,munger,441,,,,
Patna,Bihar,,,murshidabad,442,,,,
Pauri Garhwal,Uttarakhand,,,muzaffarabad,443,,,,
Peddapalli,Telangana,,,muzaffarnagar,444,,,,
Perambalur,Tamil Nadu,,,muzaffarpur,445,,,,
Peren,Nagaland,,,mysuru,446,,,,
Phek,Nagaland,,,nabarangpur,#N/A,#N/A,,,
Pherzawl,Manipur,,,nadia,448,,,,
Pilibhit,Uttar Pradesh,,,nagaon,449,,,,
Pithoragarh,Uttarakhand,,,nagapattinam,450,,,,
Porbandar,Gujarat,,,nagarkurnool,451,,,,
Prakasam,Andhra Pradesh,,,nagaur,452,,,,
Pratapgarh,Rajasthan,,,nagpur,453,,,,
Pratapgarh,Uttar Pradesh,,,nainital,454,,,,
Prayagraj,Uttar Pradesh,,,nalanda,455,,,,
Puducherry,Puducherry,,,nalbari,456,,,,
Pudukkottai,Tamil Nadu,,,nalgonda,457,,,,
Pulwama,Jammu and Kashmir,,,namakkal,458,,,,
Punch,Jammu and Kashmir,,,namchi,#N/A,#N/A,,,
Pune,Maharashtra,,,namsai,459,,,,
Purba Bardhaman,West Bengal,,,nanded,460,,,,
Purbi Singhbhum,Jharkhand,,,nandurbar,461,,,,
Puri,Odisha,,,nandyal,#N/A,#N/A,,,
Purnia,Bihar,,,narayanpet,462,,,,
Purulia,West Bengal,,,narayanpur,463,,,,
Rae Bareli,Uttar Pradesh,,,narmada,464,,,,
Raichur,Karnataka,,,narmadapuram,#N/A,Hoshangabad (renamed in MP),,,
Raigarh,Chhattisgarh,,,narsinghpur,#N/A,#N/A,,,
Raigarh,Maharashtra,,,nashik,466,,,,
Raipur,Chhattisgarh,,,navsari,467,,,,
Raisen,Madhya Pradesh,,,nawada,468,,,,
Rajanna Sircilla,Telangana,,,nayagarh,469,,,,
Rajgarh,Madhya Pradesh,,,neem ka thana,#N/A,#N/A,,,
Rajkot,Gujarat,,,neemuch,470,,,,
Rajnandgaon,Chhattisgarh,,,new delhi,471,,,,
Rajouri,Jammu and Kashmir,,,nicobar,#N/A,#N/A,,,
Rajsamand,Rajasthan,,,nicobars,472,,,,
Ramanagara,Karnataka,,,nirmal,473,,,,
Ramanathapuram,Tamil Nadu,,,niwari,474,,,,
Ramban,Jammu and Kashmir,,,nizamabad,475,,,,
Ramgarh,Jharkhand,,,noklak,#N/A,#N/A,,,
Rampur,Uttar Pradesh,,,noney,476,,,,
Ranchi,Jharkhand,,,north,#N/A,#N/A,,,
Ranga Reddy,Telangana,,,north and middle andaman,479,,,,
Ranipet,Tamil Nadu,,,north bastar kanker,#N/A,#N/A,,,
Ratlam,Madhya Pradesh,,,north east,#N/A,#N/A,,,
Ratnagiri,Maharashtra,,,north garo hills,482,,,,
Rayagada,Odisha,,,north goa,483,,,,
Reasi,Jammu and Kashmir,,,north tripura,484,,,,
Rewa,Madhya Pradesh,,,north twenty four parganas,#N/A,#N/A,,,
Rewari,Haryana,,,north west,#N/A,#N/A,,,
Ribhoi,Meghalaya,,,ntr,#N/A,#N/A,,,
Rohtak,Haryana,,,nuapada,486,,,,
Rohtas,Bihar,,,nuh,487,,,,
Rudraprayag,Uttarakhand,,,osmanabad,488,,,,
Rupnagar,Punjab,,,pakke kessang,489,,,,
S.A.S. Nagar,Punjab,,,pakur,490,,,,
S.P.S. Nellore,Andhra Pradesh,,,pakyong,#N/A,#N/A,,,
Sabar Kantha,Gujarat,,,palakkad,491,,,,
Sagar,Madhya Pradesh,,,palamu,492,,,,
Saharanpur,Uttar Pradesh,,,palghar,493,,,,
Saharsa,Bihar,,,pali,494,,,,
Sahibganj,Jharkhand,,,palnadu,#N/A,#N/A,,,
Saiha,Mizoram,,,palwal,495,,,,
Salem,Tamil Nadu,,,panch mahals,496,,,,
Samastipur,Bihar,,,panchkula,497,,,,
Samba,Jammu and Kashmir,,,panchmahals,#N/A,#N/A,,,
Sambalpur,Odisha,,,pandhurna,#N/A,#N/A,,,
Sambhal,Uttar Pradesh,,,panipat,498,,,,
Sangareddy,Telangana,,,panna,499,,,,
Sangli,Maharashtra,,,papum pare,500,,,,
Sangrur,Punjab,,,parbhani,501,,,,
Sant Kabir Nagar,Uttar Pradesh,,,parvathipuram manyam,#N/A,#N/A,,,
Saraikela-kharsawan,Jharkhand,,,paschim bardhaman,502,,,,
Saran,Bihar,,,paschim medinipur,#N/A,#N/A,,,
Satara,Maharashtra,,,pashchim champaran,#N/A,#N/A,,,
Satna,Madhya Pradesh,,,patan,504,,,,
Sawai Madhopur,Rajasthan,,,pathanamthitta,505,,,,
Sehore,Madhya Pradesh,,,pathankot,506,,,,
Senapati,Manipur,,,patiala,507,,,,
Seoni,Madhya Pradesh,,,patna,508,,,,
Serchhip,Mizoram,,,pauri garhwal,509,,,,
Shahdara,Delhi,,,peddapalle,#N/A,#N/A,,,
Shahdol,Madhya Pradesh,,,peddapalli,510,,,,
Shahid Bhagat Singh Nagar,Punjab,,,perambalur,511,,,,
Shahjahanpur,Uttar Pradesh,,,peren,512,,,,
Shajapur,Madhya Pradesh,,,phalodi,#N/A,#N/A,,,
Shamli,Uttar Pradesh,,,phek,513,,,,
Sheikhpura,Bihar,,,pherzawl,514,,,,
Sheohar,Bihar,,,pilibhit,515,,,,
Sheopur,Madhya Pradesh,,,pithoragarh,516,,,,
Shi Yomi,Arunachal Pradesh,,,poonch,#N/A,#N/A,,,
Shimla,Himachal Pradesh,,,porbandar,517,,,,
Shivamogga,Karnataka,,,prakasam,518,,,,
Shivpuri,Madhya Pradesh,,,pratapgarh,519,,,,
Shrawasti,Uttar Pradesh,,,prayagraj,521,,,,
Shupiyan,Jammu and Kashmir,,,puducherry,522,,,,
Siang,Arunachal Pradesh,,,pudukkottai,523,,,,
Siddharthnagar,Uttar Pradesh,,,pulwama,524,,,,
Siddipet,Telangana,,,pune,526,,,,
Sidhi,Madhya Pradesh,,,purba bardhaman,527,,,,
Sikar,Rajasthan,,,purba medinipur,#N/A,#N/A,,,
Simdega,Jharkhand,,,purbi champaran,#N/A,#N/A,,,
Sindhudurg,Maharashtra,,,puri,529,,,,
Singrauli,Madhya Pradesh,,,purnea,#N/A,Purnia,,,
Sipahijala,Tripura,,,purnia,530,,,,
Sirmaur,Himachal Pradesh,,,purulia,531,,,,
Sirohi,Rajasthan,,,rae bareli,532,,,,
Sirsa,Haryana,,,raebareli,#N/A,Rae Bareli,,,
Sitamarhi,Bihar,,,raichur,533,,,,
Sitapur,Uttar Pradesh,,,raigad,#N/A,#N/A,,,
Sivaganga,Tamil Nadu,,,raigarh,534,,,,
Sivasagar,Assam,,,raipur,536,,,,
Siwan,Bihar,,,raisen,537,,,,
Solan,Himachal Pradesh,,,rajanna sircilla,538,,,,
Solapur,Maharashtra,,,rajgarh,539,,,,
Sonbhadra,Uttar Pradesh,,,rajkot,540,,,,
Sonipat,Haryana,,,rajnandgaon,541,,,,
Sonitpur,Assam,,,rajouri,542,,,,
South,Sikkim,,,rajsamand,543,,,,
South 24 Parganas,West Bengal,,,ramanagara,544,,,,
South Andaman,Andaman and Nicobar,,,ramanathapuram,545,,,,
South Delhi,Delhi,,,ramban,546,,,,
South East Delhi,Delhi,,,ramgarh,547,,,,
South Garo Hills,Meghalaya,,,rampur,548,,,,
South Goa,Goa,,,ranchi,549,,,,
South Salmara Mancachar,Assam,,,rangareddy,#N/A,Ranga Reddy,,,
South Tripura,Tripura,,,ranipet,551,,,,
South West Delhi,Delhi,,,ratlam,552,,,,
South West Garo Hills,Meghalaya,,,ratnagiri,553,,,,
South West Khasi Hills,Meghalaya,,,rayagada,554,,,,
Sri Muktsar Sahib,Punjab,,,reasi,555,,,,
Srikakulam,Andhra Pradesh,,,rewa,556,,,,
Srinagar,Jammu and Kashmir,,,rewari,557,,,,
Subarnapur,Odisha,,,ri bhoi,#N/A,#N/A,,,
Sukma,Chhattisgarh,,,ribhoi,558,,,,
Sultanpur,Uttar Pradesh,,,rohtak,559,,,,
Sundargarh,Odisha,,,rohtas,560,,,,
Supaul,Bihar,,,rudraprayag,561,,,,
Surajpur,Chhattisgarh,,,rupnagar,562,,,,
Surat,Gujarat,,,sabar kantha,565,,,,
Surendranagar,Gujarat,,,sabarkantha,#N/A,Sabar Kantha,,,
Surguja,Chhattisgarh,,,sagar,566,,,,
Suryapet,Telangana,,,saharanpur,567,,,,
Tamenglong,Manipur,,,saharsa,568,,,,
Tapi,Gujarat,,,sahebganj,#N/A,#N/A,,,
Tarn Taran,Punjab,,,sahibganj,569,,,,
Tawang,Arunachal Pradesh,,,saiha,570,,,,
Tehri Garhwal,Uttarakhand,,,saitual,#N/A,#N/A,,,
Tengnoupal,Manipur,,,sakti,#N/A,#N/A,,,
Tenkasi,Tamil Nadu,,,salem,571,,,,
Thane,Maharashtra,,,salumber,#N/A,#N/A,,,
Thanjavur,Tamil Nadu,,,samastipur,572,,,,
The Dangs,Gujarat,,,samba,573,,,,
The Nilgiris,Tamil Nadu,,,sambalpur,574,,,,
Theni,Tamil Nadu,,,sambhal,575,,,,
Thiruvallur,Tamil Nadu,,,sanchore,#N/A,#N/A,,,
Thiruvananthapuram,Kerala,,,sangareddy,576,,,,
Thiruvarur,Tamil Nadu,,,sangli,577,,,,
Thoothukkudi,Tamil Nadu,,,sangrur,578,,,,
Thoubal,Manipur,,,sant kabeer nagar,#N/A,Sant Kabir Nagar,,,
Thrissur,Kerala,,,sant kabir nagar,579,,,,
Tikamgarh,Madhya Pradesh,,,saraikela kharsawan,#N/A,Saraikela-kharsawan,,,
Tinsukia,Assam,,,saran,581,,,,
Tirap,Arunachal Pradesh,,,sarangarh bilaigarh,#N/A,#N/A,,,
Tiruchirappalli,Tamil Nadu,,,sas nagar,#N/A,#N/A,,,
Tirunelveli,Tamil Nadu,,,satara,582,,,,
Tirupathur,Tamil Nadu,,,satna,583,,,,
Tiruppur,Tamil Nadu,,,sawai madhopur,584,,,,
Tiruvannamalai,Tamil Nadu,,,sehore,585,,,,
Tonk,Rajasthan,,,senapati,586,,,,
Tuensang,Nagaland,,,seoni,587,,,,
Tumakuru,Karnataka,,,sepahijala,#N/A,Sipahijala,,,
Udaipur,Rajasthan,,,seraikela kharsawan,#N/A,#N/A,,,
Udalguri,Assam,,,serchhip,588,,,,
Udham Singh Nagar,Uttarakhand,,,shahdara,589,,,,
Udhampur,Jammu and Kashmir,,,shahdol,590,,,,
Udupi,Karnataka,,,shaheed bhagat singh nagar,#N/A,Shahid Bhagat Singh Nagar,,,
Ujjain,Madhya Pradesh,,,shahid bhagat singh nagar,591,,,,
Ukhrul,Manipur,,,shahjahanpur,592,,,,
Umaria,Madhya Pradesh,,,shahpura,#N/A,#N/A,,,
Una,Himachal Pradesh,,,shajapur,593,,,,
Unnao,Uttar Pradesh,,,shamator,#N/A,#N/A,,,
Unokoti,Tripura,,,shamli,594,,,,
Upper Dibang Valley,Arunachal Pradesh,,,sheikhpura,595,,,,
Upper Siang,Arunachal Pradesh,,,sheohar,596,,,,
Upper Subansiri,Arunachal Pradesh,,,sheopur,597,,,,
Uttar Bastar Kanker,Chhattisgarh,,,shi yomi,598,,,,
Uttar Dinajpur,West Bengal,,,shimla,599,,,,
Uttara Kannada,Karnataka,,,shivamogga,600,,,,
Uttarkashi,Uttarakhand,,,shivpuri,601,,,,
Vadodara,Gujarat,,,shopian,#N/A,#N/A,,,
Vaishali,Bihar,,,shravasti,#N/A,Shrawasti,,,
Valsad,Gujarat,,,siaha,#N/A,Saiha,,,
Varanasi,Uttar Pradesh,,,siang,604,,,,
Vellore,Tamil Nadu,,,siddharthnagar,605,,,,
Vidisha,Madhya Pradesh,,,siddipet,606,,,,
Vijayapura,Karnataka,,,sidhi,607,,,,
Vikarabad,Telangana,,,sikar,608,,,,
Viluppuram,Tamil Nadu,,,simdega,609,,,,
Virudhunagar,Tamil Nadu,,,sindhudurg,610,,,,
Visakhapatnam,Andhra Pradesh,,,singrauli,611,,,,
Vizianagaram,Andhra Pradesh,,,sirmaur,613,,,,
Wanaparthy,Telangana,,,sirohi,614,,,,
Warangal Rural,Telangana,,,sirsa,615,,,,
Warangal Urban,Telangana,,,sitamarhi,616,,,,
Wardha,Maharashtra,,,sitapur,617,,,,
Washim,Maharashtra,,,sivaganga,618,,,,
Wayanad,Kerala,,,sivasagar,619,,,,
West,Sikkim,,,siwan,620,,,,
West Champaran,Bihar,,,solan,621,,,,
West Delhi,Delhi,,,solapur,622,,,,
West Garo Hills,Meghalaya,,,sonbhadra,623,,,,
West Godavari,Andhra Pradesh,,,sonepur,#N/A,Subarnapur,,,
West Jaintia Hills,Meghalaya,,,sonipat,624,,,,
West Kameng,Arunachal Pradesh,,,sonitpur,625,,,,
West Karbi Anglong,Assam,,,soreng,#N/A,#N/A,,,
West Khasi Hills,Meghalaya,,,south,626,,,,
West Nimar,Madhya Pradesh,,,south andaman,628,,,,
West Siang,Arunachal Pradesh,,,south east,#N/A,#N/A,,,
West Tripura,Tripura,,,south east delhi,630,,,,
Wokha,Nagaland,,,south garo hills,631,,,,
Y.S.R.,Andhra Pradesh,,,south goa,632,,,,
Yadadri Bhuvanagiri,Telangana,,,south salmara mancachar,633,,,,
Yadgir,Karnataka,,,south salmara mankachar,#N/A,#N/A,,,
Yamunanagar,Haryana,,,south tripura,634,,,,
Yanam,Puducherry,,,south twenty four parganas,#N/A,#N/A,,,
Yavatmal,Maharashtra,,,south west,#N/A,#N/A,,,
Zunheboto,Nagaland,,,south west garo hills,636,,,,
,,,,south west khasi hills,637,,,,
,,,,spsr nellore,#N/A,#N/A,,,
,,,,sri ganganagar,#N/A,#N/A,,,
,,,,sri muktsar sahib,638,,,,
,,,,sri potti sriramulu nellore,#N/A,#N/A,,,
,,,,sri sathyasai,#N/A,#N/A,,,
,,,,srikakulam,639,,,,
,,,,srinagar,640,,,,
,,,,subarnapur,641,,,,
,,,,sukma,642,,,,
,,,,sultanpur,643,,,,
,,,,sundargarh,644,,,,
,,,,supaul,645,,,,
,,,,surajpur,646,,,,
,,,,surat,647,,,,
,,,,surendranagar,648,,,,
,,,,surguja,649,,,,
,,,,suryapet,650,,,,
,,,,tamenglong,651,,,,
,,,,tamulpur,#N/A,#N/A,,,
,,,,tapi,652,,,,
,,,,tarn taran,653,,,,
,,,,tawang,654,,,,
,,,,tehri garhwal,655,,,,
,,,,tengnoupal,656,,,,
,,,,tenkasi,657,,,,
,,,,thane,658,,,,
,,,,thanjavur,659,,,,
,,,,the dangs,660,,,,
,,,,the nilgiris,661,,,,
,,,,theni,662,,,,
,,,,thiruvallur,663,,,,
,,,,thiruvananthapuram,664,,,,
,,,,thiruvarur,665,,,,
,,,,thoothukkudi,666,,,,
,,,,thoothukudi,#N/A,Thoothukkudi,,,
,,,,thoubal,667,,,,
,,,,thrissur,668,,,,
,,,,tikamgarh,669,,,,
,,,,tinsukia,670,,,,
,,,,tirap,671,,,,
,,,,tiruchirappalli,672,,,,
,,,,tirunelveli,673,,,,
,,,,tirupathur,674,,,,
,,,,tirupati,#N/A,#N/A,,,
,,,,tiruppur,675,,,,
,,,,tiruvallur,#N/A,Thiruvallur,,,
,,,,tiruvannamalai,676,,,,
,,,,tiruvarur,#N/A,Thiruvarur,,,
,,,,tonk,677,,,,
,,,,tseminyu,#N/A,#N/A,,,
,,,,tuensang,678,,,,
,,,,tumakuru,679,,,,
,,,,udaipur,680,,,,
,,,,udalguri,681,,,,
,,,,udham singh nagar,682,,,,
,,,,udhampur,683,,,,
,,,,udupi,684,,,,
,,,,ujjain,685,,,,
,,,,ukhrul,686,,,,
,,,,umaria,687,,,,
,,,,una,688,,,,
,,,,unakoti,#N/A,Unokoti,,,
,,,,unnao,689,,,,
,,,,upper siang,692,,,,
,,,,upper subansiri,693,,,,
,,,,uttar dinajpur,695,,,,
,,,,uttara kannada,696,,,,
,,,,uttarkashi,697,,,,
,,,,vadodara,698,,,,
,,,,vaishali,699,,,,
,,,,valsad,700,,,,
,,,,varanasi,701,,,,
,,,,vellore,702,,,,
,,,,vidisha,703,,,,
,,,,vijayanagara,#N/A,"Vijayanagar / Bellary split (new district, Karnataka)",,,
,,,,vijayapura,704,,,,
,,,,vikarabad,705,,,,
,,,,viluppuram,706,,,,
,,,,virudhunagar,707,,,,
,,,,visakhapatnam,708,,,,
,,,,vizianagaram,709,,,,
,,,,wanaparthy,710,,,,
,,,,warangal,#N/A,Warangal Urban / Warangal Rural (new split in Telangana),,,
,,,,warangal rural,711,,,,
,,,,warangal urban,712,,,,
,,,,wardha,713,,,,
,,,,washim,714,,,,
,,,,wayanad,715,,,,
,,,,west,716,,,,
,,,,west garo hills,719,,,,
,,,,west godavari,720,,,,
,,,,west jaintia hills,721,,,,
,,,,west kameng,722,,,,
,,,,west karbi anglong,723,,,,
,,,,west khasi hills,724,,,,
,,,,west siang,726,,,,
,,,,west singhbhum,#N/A,Pashchimi Singhbhum,,,
,,,,west tripura,727,,,,
,,,,wokha,728,,,,
,,,,yadadri bhuvanagiri,730,,,,
,,,,yadgir,731,,,,
,,,,yadgiri,#N/A,Yadgir,,,
,,,,yamunanagar,732,,,,
,,,,yanam,733,,,,
,,,,yavatmal,734,,,,
,,,,ysr,#N/A,Y.S.R.,,,
,,,,zunheboto,735,,,,
